Timestamp,App Name,Window Title,Category
2025-11-03 21:09:30,Windsurf.exe,Polished - Windsurf - .env.local,study
2025-11-03 21:09:36,ApplicationFrameHost.exe,WhatsApp,study
2025-11-03 21:09:41,Windsurf.exe,Polished - Windsurf - .env.local,study
2025-11-03 21:09:46,ApplicationFrameHost.exe,Settings,entertainment
2025-11-03 21:09:51,brave.exe,Participants Accommodation - Brave,entertainment
2025-11-03 21:09:56,Windsurf.exe,Polished - Windsurf - .env.local,study
2025-11-03 21:10:01,brave.exe,StudentHub - Your Student Platform - Brave,study
2025-11-03 21:10:06,brave.exe,StudentHub - Your Student Platform - Brave,study
2025-11-03 21:10:11,brave.exe,Blrm123/Polished - Brave,entertainment
2025-11-03 21:10:16,brave.exe,New Private Tab - Brave,entertainment
2025-11-03 21:10:21,brave.exe,YouTube - Brave,entertainment
2025-11-03 21:10:26,brave.exe,YouTube - Brave,entertainment
2025-11-03 21:10:31,brave.exe,comedy - YouTube - Brave,entertainment
2025-11-03 21:10:36,brave.exe,Zombie - Back to Back Comedy Scene ðŸ˜‚ | Yogi Babu | Gopiâ€“Sudhakar | Anbu Thasan | Adithya TV - YouTube - Brave,entertainment
2025-11-03 21:10:41,Windsurf.exe,Polished - Windsurf - .env.local,study
2025-11-03 21:10:46,Windsurf.exe,Polished - Windsurf - .env.local,study
2025-11-03 21:10:51,brave.exe,Zombie - Back to Back Comedy Scene ðŸ˜‚ | Yogi Babu | Gopiâ€“Sudhakar | Anbu Thasan | Adithya TV - YouTube - Brave,entertainment
2025-11-03 21:10:56,brave.exe,m; - YouTube - Brave,entertainment
2025-11-03 21:11:01,brave.exe,ml - YouTube - Brave,entertainment
2025-11-03 21:11:07,brave.exe,machine learning - YouTube - Brave,entertainment
2025-11-03 21:11:12,brave.exe,Machine Learning | What Is Machine Learning? | Introduction To Machine Learning | 2024 | Simplilearn - YouTube - Brave,study
2025-11-03 21:11:17,Windsurf.exe,Polished - Windsurf - .env.local,study
2025-11-03 21:11:22,Windsurf.exe,Polished - Windsurf - .env.local,study
2025-11-03 21:11:27,Windsurf.exe,Polished - Windsurf - .env.local,study
2025-11-03 21:11:32,Windsurf.exe,Polished - Windsurf - .env.local,study
2025-11-03 21:11:37,Windsurf.exe,Polished - Windsurf - .env.local,study
2025-11-03 21:11:42,Windsurf.exe,Polished - Windsurf - .env.local,study
2025-11-03 21:11:47,Windsurf.exe,Polished - Windsurf - desktop_activity_2025-11-03.csv,study
2025-11-03 21:11:52,Windsurf.exe,Polished - Windsurf - desktop_activity_2025-11-03.csv,study
2025-11-03 21:11:57,Windsurf.exe,Polished - Windsurf - desktop_activity_2025-11-03.csv,study
2025-11-03 21:12:02,Windsurf.exe,Polished - Windsurf - desktop_activity_2025-11-03.csv,study
2025-11-03 21:12:07,brave.exe,StudentHub - Your Student Platform - Brave,study
2025-11-03 21:12:12,brave.exe,StudentHub - Your Student Platform - Brave,study
2025-11-03 21:12:17,brave.exe,StudentHub - Your Student Platform - Brave,study
2025-11-03 21:12:22,brave.exe,StudentHub - Your Student Platform - Brave,study
2025-11-03 21:12:27,Windsurf.exe,Polished - Windsurf - desktop_activity_2025-11-03.csv,study
2025-11-03 21:34:36,Windsurf.exe,Polished - Windsurf - supabase_schema.sql,study
2025-11-03 21:34:41,Windsurf.exe,Polished - Windsurf - supabase_schema.sql,study
2025-11-03 21:34:46,chrome.exe,Google AI Studio - Google Chrome,study
2025-11-03 21:34:51,Windsurf.exe,Polished - Windsurf - supabase_schema.sql,study
2025-11-03 21:34:56,Windsurf.exe,Polished - Windsurf - supabase_schema.sql,study
2025-11-03 21:43:59,Windsurf.exe,Polished - Windsurf - page.tsx,study
2025-11-03 21:44:04,Windsurf.exe,Polished - Windsurf - page.tsx,study
2025-11-03 21:44:09,brave.exe,StudentHub - Your Student Platform - Brave,study
2025-11-03 21:44:14,brave.exe,StudentHub - Your Student Platform - Brave,study
2025-11-03 21:44:19,brave.exe,StudentHub - Your Student Platform - Brave,study
2025-11-03 21:44:24,brave.exe,StudentHub - Your Student Platform - Brave,study
2025-11-03 21:44:29,brave.exe,StudentHub - Your Student Platform - Brave,study
2025-11-03 21:44:34,Windsurf.exe,Polished - Windsurf - page.tsx,study
2025-11-03 21:44:39,Windsurf.exe,Polished - Windsurf - page.tsx,study
2025-11-03 21:44:44,Windsurf.exe,Polished - Windsurf - page.tsx,study
2025-11-03 21:44:50,Windsurf.exe,Polished - Windsurf - page.tsx,study
2025-11-03 21:44:55,Windsurf.exe,Polished - Windsurf - page.tsx,study
2025-11-03 21:45:00,Windsurf.exe,Polished - Windsurf - page.tsx,study
2025-11-03 21:45:05,Windsurf.exe,Polished - Windsurf - page.tsx,study
2025-11-03 21:45:10,Windsurf.exe,Polished - Windsurf - page.tsx,study
2025-11-03 21:45:15,Windsurf.exe,Polished - Windsurf - page.tsx,study
2025-11-03 21:45:20,Windsurf.exe,Polished - Windsurf - page.tsx,study
2025-11-03 21:45:25,Windsurf.exe,Polished - Windsurf - page.tsx,study
2025-11-03 21:45:30,Windsurf.exe,Polished - Windsurf - page.tsx,study
2025-11-03 21:45:35,Windsurf.exe,Polished - Windsurf - page.tsx,study
2025-11-03 21:45:40,Windsurf.exe,Polished - Windsurf - page.tsx,study
2025-11-03 21:45:45,Windsurf.exe,Polished - Windsurf - page.tsx,study
2025-11-03 21:45:50,Windsurf.exe,Polished - Windsurf - page.tsx,study
2025-11-03 21:45:55,Windsurf.exe,Polished - Windsurf - page.tsx,study
2025-11-03 21:46:00,Windsurf.exe,Polished - Windsurf - page.tsx,study
2025-11-03 21:46:05,Windsurf.exe,Polished - Windsurf - page.tsx,study
2025-11-03 21:46:10,Windsurf.exe,Polished - Windsurf - page.tsx,study
2025-11-03 21:46:15,Windsurf.exe,Polished - Windsurf - page.tsx,study
2025-11-03 21:46:20,brave.exe,Untitled - Brave,entertainment
2025-11-03 21:46:25,brave.exe,Untitled - Brave,entertainment
2025-11-03 21:46:30,brave.exe,Untitled - Brave,entertainment
2025-11-03 21:46:35,brave.exe,StudentHub - Your Student Platform - Brave,study
2025-11-03 21:46:40,brave.exe,StudentHub - Your Student Platform - Brave,study
2025-11-03 21:46:45,brave.exe,StudentHub - Your Student Platform - Brave,study
2025-11-03 21:46:50,brave.exe,StudentHub - Your Student Platform - Brave,study
2025-11-03 21:46:55,brave.exe,StudentHub - Your Student Platform - Brave,study
2025-11-03 21:47:00,brave.exe,StudentHub - Your Student Platform - Brave,study
2025-11-03 21:47:06,brave.exe,StudentHub - Your Student Platform - Brave,study
2025-11-03 21:47:11,brave.exe,StudentHub - Your Student Platform - Brave,study
2025-11-03 21:47:16,brave.exe,StudentHub - Your Student Platform - Brave,study
2025-11-03 21:47:21,brave.exe,StudentHub - Your Student Platform - Brave,study
2025-11-03 21:47:26,brave.exe,StudentHub - Your Student Platform - Brave,study
2025-11-03 21:47:31,brave.exe,StudentHub - Your Student Platform - Brave,study
2025-11-03 21:47:36,brave.exe,StudentHub - Your Student Platform - Brave,study
2025-11-03 21:47:41,brave.exe,YouTube - Brave,entertainment
2025-11-03 21:47:46,brave.exe,YouTube - Brave,entertainment
2025-11-03 21:47:51,brave.exe,"Brahmakalasha Kannada Video Song - Kantara Chapter 1 | Rishab Shetty, Rukmini | Hombale Films - YouTube - Brave",entertainment
2025-11-03 21:47:56,brave.exe,"Brahmakalasha Kannada Video Song - Kantara Chapter 1 | Rishab Shetty, Rukmini | Hombale Films - YouTube - Brave",entertainment
2025-11-03 21:48:01,brave.exe,"Brahmakalasha Kannada Video Song - Kantara Chapter 1 | Rishab Shetty, Rukmini | Hombale Films - YouTube - Brave",entertainment
2025-11-03 21:48:06,brave.exe,"Brahmakalasha Kannada Video Song - Kantara Chapter 1 | Rishab Shetty, Rukmini | Hombale Films - YouTube - Brave",entertainment
2025-11-03 21:48:11,brave.exe,"Brahmakalasha Kannada Video Song - Kantara Chapter 1 | Rishab Shetty, Rukmini | Hombale Films - YouTube - Brave",entertainment
2025-11-03 21:48:17,brave.exe,"Brahmakalasha Kannada Video Song - Kantara Chapter 1 | Rishab Shetty, Rukmini | Hombale Films - YouTube - Brave",entertainment
2025-11-03 21:48:22,brave.exe,"Brahmakalasha Kannada Video Song - Kantara Chapter 1 | Rishab Shetty, Rukmini | Hombale Films - YouTube - Brave",entertainment
2025-11-03 21:48:27,brave.exe,"Brahmakalasha Kannada Video Song - Kantara Chapter 1 | Rishab Shetty, Rukmini | Hombale Films - YouTube - Brave",entertainment
2025-11-03 21:48:32,brave.exe,"Brahmakalasha Kannada Video Song - Kantara Chapter 1 | Rishab Shetty, Rukmini | Hombale Films - YouTube - Brave",entertainment
2025-11-03 21:48:37,brave.exe,"Brahmakalasha Kannada Video Song - Kantara Chapter 1 | Rishab Shetty, Rukmini | Hombale Films - YouTube - Brave",entertainment
2025-11-03 21:48:42,brave.exe,"Brahmakalasha Kannada Video Song - Kantara Chapter 1 | Rishab Shetty, Rukmini | Hombale Films - YouTube - Brave",entertainment
2025-11-03 21:48:47,brave.exe,"Brahmakalasha Kannada Video Song - Kantara Chapter 1 | Rishab Shetty, Rukmini | Hombale Films - YouTube - Brave",entertainment
2025-11-03 21:48:52,brave.exe,"Brahmakalasha Kannada Video Song - Kantara Chapter 1 | Rishab Shetty, Rukmini | Hombale Films - YouTube - Brave",entertainment
2025-11-03 21:48:57,brave.exe,"Brahmakalasha Kannada Video Song - Kantara Chapter 1 | Rishab Shetty, Rukmini | Hombale Films - YouTube - Brave",entertainment
2025-11-03 21:49:02,brave.exe,"Brahmakalasha Kannada Video Song - Kantara Chapter 1 | Rishab Shetty, Rukmini | Hombale Films - YouTube - Brave",entertainment
2025-11-03 21:49:07,brave.exe,"Brahmakalasha Kannada Video Song - Kantara Chapter 1 | Rishab Shetty, Rukmini | Hombale Films - YouTube - Brave",entertainment
2025-11-03 21:49:12,brave.exe,"Brahmakalasha Kannada Video Song - Kantara Chapter 1 | Rishab Shetty, Rukmini | Hombale Films - YouTube - Brave",entertainment
2025-11-03 21:49:17,brave.exe,"Brahmakalasha Kannada Video Song - Kantara Chapter 1 | Rishab Shetty, Rukmini | Hombale Films - YouTube - Brave",entertainment
2025-11-03 21:49:22,brave.exe,"Brahmakalasha Kannada Video Song - Kantara Chapter 1 | Rishab Shetty, Rukmini | Hombale Films - YouTube - Brave",entertainment
2025-11-03 21:49:27,brave.exe,"Brahmakalasha Kannada Video Song - Kantara Chapter 1 | Rishab Shetty, Rukmini | Hombale Films - YouTube - Brave",entertainment
2025-11-03 21:49:32,brave.exe,"Brahmakalasha Kannada Video Song - Kantara Chapter 1 | Rishab Shetty, Rukmini | Hombale Films - YouTube - Brave",entertainment
2025-11-03 21:49:37,brave.exe,"Brahmakalasha Kannada Video Song - Kantara Chapter 1 | Rishab Shetty, Rukmini | Hombale Films - YouTube - Brave",entertainment
2025-11-03 21:49:42,brave.exe,"Brahmakalasha Kannada Video Song - Kantara Chapter 1 | Rishab Shetty, Rukmini | Hombale Films - YouTube - Brave",entertainment
2025-11-03 21:49:47,brave.exe,"Brahmakalasha Kannada Video Song - Kantara Chapter 1 | Rishab Shetty, Rukmini | Hombale Films - YouTube - Brave",entertainment
2025-11-03 21:49:53,brave.exe,"Brahmakalasha Kannada Video Song - Kantara Chapter 1 | Rishab Shetty, Rukmini | Hombale Films - YouTube - Brave",entertainment
2025-11-03 21:49:58,brave.exe,"Brahmakalasha Kannada Video Song - Kantara Chapter 1 | Rishab Shetty, Rukmini | Hombale Films - YouTube - Brave",entertainment
2025-11-03 21:50:03,brave.exe,"Brahmakalasha Kannada Video Song - Kantara Chapter 1 | Rishab Shetty, Rukmini | Hombale Films - YouTube - Brave",entertainment
2025-11-03 21:50:08,brave.exe,"Brahmakalasha Kannada Video Song - Kantara Chapter 1 | Rishab Shetty, Rukmini | Hombale Films - YouTube - Brave",entertainment
2025-11-03 21:50:13,brave.exe,"Brahmakalasha Kannada Video Song - Kantara Chapter 1 | Rishab Shetty, Rukmini | Hombale Films - YouTube - Brave",entertainment
2025-11-03 21:50:18,brave.exe,"Brahmakalasha Kannada Video Song - Kantara Chapter 1 | Rishab Shetty, Rukmini | Hombale Films - YouTube - Brave",entertainment
2025-11-03 21:50:23,brave.exe,"Brahmakalasha Kannada Video Song - Kantara Chapter 1 | Rishab Shetty, Rukmini | Hombale Films - YouTube - Brave",entertainment
2025-11-03 21:50:28,brave.exe,"Brahmakalasha Kannada Video Song - Kantara Chapter 1 | Rishab Shetty, Rukmini | Hombale Films - YouTube - Brave",entertainment
2025-11-03 21:50:33,brave.exe,"Brahmakalasha Kannada Video Song - Kantara Chapter 1 | Rishab Shetty, Rukmini | Hombale Films - YouTube - Brave",entertainment
2025-11-03 21:50:38,brave.exe,"Brahmakalasha Kannada Video Song - Kantara Chapter 1 | Rishab Shetty, Rukmini | Hombale Films - YouTube - Brave",entertainment
2025-11-03 21:50:43,brave.exe,"Brahmakalasha Kannada Video Song - Kantara Chapter 1 | Rishab Shetty, Rukmini | Hombale Films - YouTube - Brave",entertainment
2025-11-03 21:50:48,brave.exe,"Brahmakalasha Kannada Video Song - Kantara Chapter 1 | Rishab Shetty, Rukmini | Hombale Films - YouTube - Brave",entertainment
2025-11-03 21:50:53,brave.exe,"Brahmakalasha Kannada Video Song - Kantara Chapter 1 | Rishab Shetty, Rukmini | Hombale Films - YouTube - Brave",entertainment
2025-11-03 21:50:58,brave.exe,"Brahmakalasha Kannada Video Song - Kantara Chapter 1 | Rishab Shetty, Rukmini | Hombale Films - YouTube - Brave",entertainment
2025-11-03 21:51:03,brave.exe,"Brahmakalasha Kannada Video Song - Kantara Chapter 1 | Rishab Shetty, Rukmini | Hombale Films - YouTube - Brave",entertainment
2025-11-03 21:51:08,brave.exe,"Brahmakalasha Kannada Video Song - Kantara Chapter 1 | Rishab Shetty, Rukmini | Hombale Films - YouTube - Brave",entertainment
2025-11-03 21:51:13,brave.exe,"Brahmakalasha Kannada Video Song - Kantara Chapter 1 | Rishab Shetty, Rukmini | Hombale Films - YouTube - Brave",entertainment
2025-11-03 21:51:18,brave.exe,"Brahmakalasha Kannada Video Song - Kantara Chapter 1 | Rishab Shetty, Rukmini | Hombale Films - YouTube - Brave",entertainment
2025-11-03 21:51:23,brave.exe,"Brahmakalasha Kannada Video Song - Kantara Chapter 1 | Rishab Shetty, Rukmini | Hombale Films - YouTube - Brave",entertainment
2025-11-03 21:51:28,brave.exe,"Brahmakalasha Kannada Video Song - Kantara Chapter 1 | Rishab Shetty, Rukmini | Hombale Films - YouTube - Brave",entertainment
2025-11-03 21:51:34,brave.exe,"Brahmakalasha Kannada Video Song - Kantara Chapter 1 | Rishab Shetty, Rukmini | Hombale Films - YouTube - Brave",entertainment
2025-11-03 21:51:39,brave.exe,"Brahmakalasha Kannada Video Song - Kantara Chapter 1 | Rishab Shetty, Rukmini | Hombale Films - YouTube - Brave",entertainment
2025-11-03 21:51:44,brave.exe,"Brahmakalasha Kannada Video Song - Kantara Chapter 1 | Rishab Shetty, Rukmini | Hombale Films - YouTube - Brave",entertainment
2025-11-03 21:51:49,brave.exe,"Brahmakalasha Kannada Video Song - Kantara Chapter 1 | Rishab Shetty, Rukmini | Hombale Films - YouTube - Brave",entertainment
2025-11-03 21:51:55,brave.exe,"Brahmakalasha Kannada Video Song - Kantara Chapter 1 | Rishab Shetty, Rukmini | Hombale Films - YouTube - Brave",entertainment
2025-11-03 21:52:00,brave.exe,"Brahmakalasha Kannada Video Song - Kantara Chapter 1 | Rishab Shetty, Rukmini | Hombale Films - YouTube - Brave",entertainment
2025-11-03 21:52:05,brave.exe,"Brahmakalasha Kannada Video Song - Kantara Chapter 1 | Rishab Shetty, Rukmini | Hombale Films - YouTube - Brave",entertainment
2025-11-03 21:52:10,brave.exe,"Brahmakalasha Kannada Video Song - Kantara Chapter 1 | Rishab Shetty, Rukmini | Hombale Films - YouTube - Brave",entertainment
2025-11-03 21:52:15,brave.exe,"Brahmakalasha Kannada Video Song - Kantara Chapter 1 | Rishab Shetty, Rukmini | Hombale Films - YouTube - Brave",entertainment
2025-11-03 21:52:20,brave.exe,"Brahmakalasha Kannada Video Song - Kantara Chapter 1 | Rishab Shetty, Rukmini | Hombale Films - YouTube - Brave",entertainment
2025-11-03 21:52:25,brave.exe,"Brahmakalasha Kannada Video Song - Kantara Chapter 1 | Rishab Shetty, Rukmini | Hombale Films - YouTube - Brave",entertainment
2025-11-03 21:52:30,brave.exe,"Brahmakalasha Kannada Video Song - Kantara Chapter 1 | Rishab Shetty, Rukmini | Hombale Films - YouTube - Brave",entertainment
2025-11-03 21:52:35,brave.exe,"Brahmakalasha Kannada Video Song - Kantara Chapter 1 | Rishab Shetty, Rukmini | Hombale Films - YouTube - Brave",entertainment
2025-11-03 21:52:40,brave.exe,"Brahmakalasha Kannada Video Song - Kantara Chapter 1 | Rishab Shetty, Rukmini | Hombale Films - YouTube - Brave",entertainment
2025-11-03 21:52:45,brave.exe,"Brahmakalasha Kannada Video Song - Kantara Chapter 1 | Rishab Shetty, Rukmini | Hombale Films - YouTube - Brave",entertainment
2025-11-03 21:52:50,brave.exe,"Brahmakalasha Kannada Video Song - Kantara Chapter 1 | Rishab Shetty, Rukmini | Hombale Films - YouTube - Brave",entertainment
2025-11-03 21:52:55,brave.exe,"Brahmakalasha Kannada Video Song - Kantara Chapter 1 | Rishab Shetty, Rukmini | Hombale Films - YouTube - Brave",entertainment
2025-11-03 21:53:00,brave.exe,"Brahmakalasha Kannada Video Song - Kantara Chapter 1 | Rishab Shetty, Rukmini | Hombale Films - YouTube - Brave",entertainment
2025-11-03 21:53:05,brave.exe,"Brahmakalasha Kannada Video Song - Kantara Chapter 1 | Rishab Shetty, Rukmini | Hombale Films - YouTube - Brave",entertainment
2025-11-03 21:53:10,brave.exe,YouTube - Brave,entertainment
2025-11-03 21:53:16,brave.exe,StudentHub - Your Student Platform - Brave,study
2025-11-03 21:53:21,brave.exe,StudentHub - Your Student Platform - Brave,study
2025-11-03 21:53:26,brave.exe,StudentHub - Your Student Platform - Brave,study
2025-11-03 21:53:31,brave.exe,StudentHub - Your Student Platform - Brave,study
2025-11-03 21:53:36,brave.exe,StudentHub - Your Student Platform - Brave,study
2025-11-03 21:53:41,brave.exe,StudentHub - Your Student Platform - Brave,study
2025-11-03 21:53:47,brave.exe,StudentHub - Your Student Platform - Brave,study
2025-11-03 21:53:52,brave.exe,StudentHub - Your Student Platform - Brave,study
2025-11-03 21:53:57,brave.exe,StudentHub - Your Student Platform - Brave,study
2025-11-03 21:54:02,brave.exe,StudentHub - Your Student Platform - Brave,study
2025-11-03 21:54:07,brave.exe,StudentHub - Your Student Platform - Brave,study
2025-11-03 21:54:12,brave.exe,StudentHub - Your Student Platform - Brave,study
2025-11-03 21:54:17,brave.exe,blrm9663880@gmail.com's Project | blrm9663880@gmail.com's Org | Supabase - Brave,study
2025-11-03 21:54:22,brave.exe,blrm9663880@gmail.com's Project | blrm9663880@gmail.com's Org | Supabase - Brave,study
2025-11-03 21:54:27,brave.exe,blrm9663880@gmail.com's Project | blrm9663880@gmail.com's Org | Supabase - Brave,study
2025-11-03 21:54:32,brave.exe,blrm9663880@gmail.com's Project | blrm9663880@gmail.com's Org | Supabase - Brave,study
2025-11-03 21:54:37,brave.exe,blrm9663880@gmail.com's Project | blrm9663880@gmail.com's Org | Supabase - Brave,study
2025-11-03 21:54:42,brave.exe,blrm9663880@gmail.com's Project | blrm9663880@gmail.com's Org | Supabase - Brave,study
2025-11-03 21:54:48,brave.exe,blrm9663880@gmail.com's Project | blrm9663880@gmail.com's Org | Supabase - Brave,study
2025-11-03 21:54:53,brave.exe,blrm9663880@gmail.com's Project | blrm9663880@gmail.com's Org | Supabase - Brave,study
2025-11-03 21:54:58,brave.exe,blrm9663880@gmail.com's Project | blrm9663880@gmail.com's Org | Supabase - Brave,study
2025-11-03 21:55:03,brave.exe,blrm9663880@gmail.com's Project | blrm9663880@gmail.com's Org | Supabase - Brave,study
2025-11-03 21:55:08,brave.exe,blrm9663880@gmail.com's Project | blrm9663880@gmail.com's Org | Supabase - Brave,study
2025-11-03 21:55:13,brave.exe,blrm9663880@gmail.com's Project | blrm9663880@gmail.com's Org | Supabase - Brave,study
2025-11-03 21:55:18,brave.exe,blrm9663880@gmail.com's Project | blrm9663880@gmail.com's Org | Supabase - Brave,study
2025-11-03 21:55:23,brave.exe,blrm9663880@gmail.com's Project | blrm9663880@gmail.com's Org | Supabase - Brave,study
2025-11-03 21:55:28,brave.exe,blrm9663880@gmail.com's Project | blrm9663880@gmail.com's Org | Supabase - Brave,study
2025-11-03 21:55:33,brave.exe,Integrations | Supabase - Brave,entertainment
2025-11-03 21:55:38,brave.exe,blrm9663880@gmail.com's Project | blrm9663880@gmail.com's Org | Supabase - Brave,study
2025-11-03 21:55:43,brave.exe,blrm9663880@gmail.com's Project | blrm9663880@gmail.com's Org | Supabase - Brave,study
2025-11-03 21:55:48,brave.exe,StudentHub - Your Student Platform - Brave,study
2025-11-03 21:55:54,brave.exe,StudentHub - Your Student Platform - Brave,study
2025-11-03 21:55:59,brave.exe,StudentHub - Your Student Platform - Brave,study
2025-11-03 21:56:04,brave.exe,StudentHub - Your Student Platform - Brave,study
2025-11-03 21:56:09,brave.exe,StudentHub - Your Student Platform - Brave,study
2025-11-03 21:56:14,brave.exe,StudentHub - Your Student Platform - Brave,study
2025-11-03 21:56:19,brave.exe,StudentHub - Your Student Platform - Brave,study
2025-11-03 21:56:24,brave.exe,StudentHub - Your Student Platform - Brave,study
2025-11-03 21:56:29,brave.exe,StudentHub - Your Student Platform - Brave,study
2025-11-03 21:56:34,Windsurf.exe,Polished - Windsurf - page.tsx,study
2025-11-03 21:56:39,Windsurf.exe,Polished - Windsurf - page.tsx,study
2025-11-03 21:56:44,Windsurf.exe,Polished - Windsurf - page.tsx,study
2025-11-03 21:56:49,Windsurf.exe,Polished - Windsurf - page.tsx,study
2025-11-03 21:56:54,Windsurf.exe,Polished - Windsurf - page.tsx,study
2025-11-03 21:56:59,Windsurf.exe,Polished - Windsurf - page.tsx,study
2025-11-03 21:57:04,Windsurf.exe,Polished - Windsurf - page.tsx,study
2025-11-03 21:57:09,Windsurf.exe,Polished - Windsurf - page.tsx,study
2025-11-03 21:57:14,Windsurf.exe,Polished - Windsurf - page.tsx,study
2025-11-03 21:57:20,Windsurf.exe,Polished - Windsurf - page.tsx,study
2025-11-03 21:57:25,Windsurf.exe,Polished - Windsurf - page.tsx,study
2025-11-03 21:57:30,Windsurf.exe,Polished - Windsurf - page.tsx,study
2025-11-03 21:57:35,Windsurf.exe,Polished - Windsurf - page.tsx,study
2025-11-03 21:57:40,Windsurf.exe,Polished - Windsurf - .env.local,study
2025-11-03 21:57:45,Windsurf.exe,Polished - Windsurf - .env.local,study
2025-11-03 21:57:50,Windsurf.exe,Polished - Windsurf - .env.local,study
2025-11-03 21:57:55,Windsurf.exe,Polished - Windsurf - .env.local,study
2025-11-03 21:58:00,Windsurf.exe,Polished - Windsurf - .env.local,study
2025-11-03 21:58:05,Windsurf.exe,Polished - Windsurf - .env.local,study
2025-11-03 21:58:10,Windsurf.exe,Polished - Windsurf - .env.local,study
2025-11-03 21:58:15,Windsurf.exe,Polished - Windsurf - .env.local,study
2025-11-03 21:58:20,Windsurf.exe,Polished - Windsurf - .env.local,study
2025-11-03 21:58:25,Windsurf.exe,Polished - Windsurf - .env.local,study
2025-11-03 21:58:30,Windsurf.exe,Polished - Windsurf - .env.local,study
2025-11-03 21:58:35,Windsurf.exe,Polished - Windsurf - .env.local,study
2025-11-03 21:58:40,Windsurf.exe,Polished - Windsurf - .env.local,study
2025-11-03 21:58:45,Windsurf.exe,Polished - Windsurf - .env.local,study
2025-11-03 21:58:51,Windsurf.exe,Polished - Windsurf - .env.local,study
2025-11-03 21:58:56,Windsurf.exe,Polished - Windsurf - .env.local,study
2025-11-03 21:59:01,Windsurf.exe,Polished - Windsurf - .env.local,study
2025-11-03 21:59:06,Windsurf.exe,Polished - Windsurf - .env.local,study
2025-11-03 21:59:11,Windsurf.exe,Polished - Windsurf - .env.local,study
2025-11-03 21:59:16,Windsurf.exe,Polished - Windsurf - .env.local,study
2025-11-03 21:59:21,Windsurf.exe,Polished - Windsurf - create_sample_data.py,entertainment
2025-11-03 21:59:26,Windsurf.exe,Polished - Windsurf - main.py,study
2025-11-03 21:59:31,Windsurf.exe,Polished - Windsurf - main.py,study
2025-11-03 21:59:36,Windsurf.exe,Polished - Windsurf - main.py,study
2025-11-03 21:59:41,Windsurf.exe,Polished - Windsurf - main.py,study
2025-11-03 21:59:46,Windsurf.exe,Polished - Windsurf - main.py,study
2025-11-03 21:59:51,Windsurf.exe,Polished - Windsurf - main.py,study
2025-11-03 21:59:56,Windsurf.exe,Polished - Windsurf - main.py,study
2025-11-03 22:00:01,Windsurf.exe,Polished - Windsurf - main.py,study
2025-11-03 22:00:06,Windsurf.exe,Polished - Windsurf - main.py,study
2025-11-03 22:00:11,Windsurf.exe,Polished - Windsurf - main.py,study
2025-11-03 22:00:16,Windsurf.exe,Polished - Windsurf - main.py,study
2025-11-03 22:00:21,Windsurf.exe,Polished - Windsurf - main.py,study
2025-11-03 22:00:26,Windsurf.exe,Polished - Windsurf - main.py,study
2025-11-03 22:00:31,Windsurf.exe,Polished - Windsurf - main.py,study
2025-11-03 22:00:36,Windsurf.exe,Polished - Windsurf - main.py,study
2025-11-03 22:00:41,Windsurf.exe,Polished - Windsurf - main.py,study
2025-11-03 22:00:46,Windsurf.exe,Polished - Windsurf - main.py,study
2025-11-03 22:00:52,Windsurf.exe,Polished - Windsurf - main.py,study
2025-11-03 22:00:57,Windsurf.exe,Polished - Windsurf - main.py,study
2025-11-03 22:01:02,Windsurf.exe,Polished - Windsurf - main.py,study
2025-11-03 22:01:07,Windsurf.exe,Polished - Windsurf - main.py,study
2025-11-03 22:01:12,Windsurf.exe,Polished - Windsurf - main.py,study
2025-11-03 22:01:17,Windsurf.exe,Polished - Windsurf - main.py,study
2025-11-03 22:01:22,ShellExperienceHost.exe,New notification,entertainment
2025-11-03 22:01:27,Windsurf.exe,Polished - Windsurf - main.py,study
2025-11-03 22:01:32,Windsurf.exe,Polished - Windsurf - main.py,study
2025-11-03 22:01:37,Windsurf.exe,Polished - Windsurf - main.py,study
2025-11-03 22:01:42,Windsurf.exe,Polished - Windsurf - main.py,study
2025-11-03 22:01:47,Windsurf.exe,Polished - Windsurf - main.py,study
2025-11-03 22:01:52,Windsurf.exe,Polished - Windsurf - main.py,study
2025-11-03 22:01:57,Windsurf.exe,Polished - Windsurf - main.py,study
2025-11-03 22:02:02,Windsurf.exe,Polished - Windsurf - main.py,study
2025-11-03 22:02:07,Windsurf.exe,Polished - Windsurf - main.py,study
2025-11-03 22:02:12,Windsurf.exe,Polished - Windsurf - main.py,study
2025-11-03 22:02:17,Windsurf.exe,Polished - Windsurf - main.py,study
2025-11-03 22:02:22,Windsurf.exe,Polished - Windsurf - main.py,study
2025-11-03 22:02:27,Windsurf.exe,Polished - Windsurf - main.py,study
2025-11-03 22:02:33,Windsurf.exe,Polished - Windsurf - main.py,study
2025-11-03 22:02:38,Windsurf.exe,Polished - Windsurf - main.py,study
2025-11-03 22:02:43,Windsurf.exe,Polished - Windsurf - main.py,study
2025-11-03 22:02:48,Windsurf.exe,Polished - Windsurf - main.py,study
2025-11-03 22:02:53,Windsurf.exe,Polished - Windsurf - main.py,study
2025-11-03 22:02:58,Windsurf.exe,Polished - Windsurf - main.py,study
2025-11-03 22:03:03,Windsurf.exe,Polished - Windsurf - main.py,study
2025-11-03 22:03:08,Windsurf.exe,Polished - Windsurf - main.py,study
2025-11-03 22:03:13,Windsurf.exe,Polished - Windsurf - main.py,study
2025-11-03 22:03:18,Windsurf.exe,Polished - Windsurf - main.py,study
2025-11-03 22:03:23,Windsurf.exe,Polished - Windsurf - main.py,study
2025-11-03 22:03:28,Windsurf.exe,Polished - Windsurf - main.py,study
2025-11-03 22:03:33,Windsurf.exe,Polished - Windsurf - main.py,study
2025-11-03 22:03:38,Windsurf.exe,Polished - Windsurf - main.py,study
2025-11-03 22:03:43,Windsurf.exe,Polished - Windsurf - main.py,study
2025-11-03 22:03:48,Windsurf.exe,Polished - Windsurf - main.py,study
2025-11-03 22:03:53,Windsurf.exe,Polished - Windsurf - main.py,study
2025-11-03 22:03:58,Windsurf.exe,Polished - Windsurf - main.py,study
2025-11-03 22:04:03,Windsurf.exe,Polished - Windsurf - main.py,study
2025-11-03 22:04:08,Windsurf.exe,Polished - Windsurf - main.py,study
2025-11-03 22:04:14,Windsurf.exe,Polished - Windsurf - main.py,study
2025-11-03 22:04:19,Windsurf.exe,Polished - Windsurf - main.py,study
2025-11-03 22:04:24,Windsurf.exe,Polished - Windsurf - main.py,study
2025-11-03 22:04:29,Windsurf.exe,Polished - Windsurf - main.py,study
2025-11-03 22:04:34,Windsurf.exe,Polished - Windsurf - main.py,study
2025-11-03 22:04:39,Windsurf.exe,Polished - Windsurf - main.py,study
2025-11-03 22:04:44,Windsurf.exe,Polished - Windsurf - main.py,study
2025-11-03 22:04:49,Windsurf.exe,Polished - Windsurf - main.py,study
2025-11-03 22:04:54,Windsurf.exe,Polished - Windsurf - main.py,study
2025-11-03 22:04:59,Windsurf.exe,Polished - Windsurf - main.py,study
2025-11-03 22:05:04,Windsurf.exe,Polished - Windsurf - main.py,study
2025-11-03 22:05:09,Windsurf.exe,Polished - Windsurf - main.py,study
2025-11-03 22:05:14,Windsurf.exe,Polished - Windsurf - main.py,study
2025-11-03 22:05:19,Windsurf.exe,Polished - Windsurf - main.py,study
2025-11-03 22:05:24,Windsurf.exe,Polished - Windsurf - main.py,study
2025-11-03 22:05:29,Windsurf.exe,Polished - Windsurf - main.py,study
2025-11-03 22:05:34,Windsurf.exe,Polished - Windsurf - main.py,study
2025-11-03 22:05:39,Windsurf.exe,Polished - Windsurf - main.py,study
2025-11-03 22:05:44,Windsurf.exe,Polished - Windsurf - main.py,study
2025-11-03 22:05:50,Windsurf.exe,Polished - Windsurf - main.py,study
2025-11-03 22:05:55,Windsurf.exe,Polished - Windsurf - main.py,study
2025-11-03 22:06:00,Windsurf.exe,Polished - Windsurf - main.py,study
2025-11-03 22:06:05,Windsurf.exe,Polished - Windsurf - main.py,study
2025-11-03 22:06:10,Windsurf.exe,Polished - Windsurf - main.py,study
2025-11-03 22:06:15,Windsurf.exe,Polished - Windsurf - main.py,study
2025-11-03 22:06:20,Windsurf.exe,Polished - Windsurf - main.py,study
2025-11-03 22:06:25,Windsurf.exe,Polished - Windsurf - main.py,study
2025-11-03 22:06:30,Windsurf.exe,Polished - Windsurf - main.py,study
2025-11-03 22:06:35,Windsurf.exe,Polished - Windsurf - main.py,study
2025-11-03 22:06:40,Windsurf.exe,Polished - Windsurf - main.py,study
2025-11-03 22:06:45,Windsurf.exe,Polished - Windsurf - main.py,study
2025-11-03 22:06:50,Windsurf.exe,Polished - Windsurf - main.py,study
2025-11-03 22:06:55,Windsurf.exe,Polished - Windsurf - main.py,study
2025-11-03 22:07:00,Windsurf.exe,Polished - Windsurf - main.py,study
2025-11-03 22:07:05,Windsurf.exe,Polished - Windsurf - main.py,study
2025-11-03 22:07:10,Windsurf.exe,Polished - Windsurf - main.py,study
2025-11-03 22:07:16,Windsurf.exe,Polished - Windsurf - main.py,study
2025-11-03 22:07:21,Windsurf.exe,Polished - Windsurf - main.py,study
2025-11-03 22:07:26,Windsurf.exe,Polished - Windsurf - main.py,study
2025-11-03 22:07:31,ApplicationFrameHost.exe,Settings,entertainment
2025-11-03 22:07:36,brave.exe,Machine Learning | What Is Machine Learning? | Introduction To Machine Learning | 2024 | Simplilearn - YouTube - Brave,study
2025-11-03 22:07:41,brave.exe,StudentHub - Your Student Platform - Brave,study
2025-11-03 22:07:46,brave.exe,StudentHub - Your Student Platform - Brave,study
2025-11-03 22:07:51,brave.exe,StudentHub - Your Student Platform - Brave,study
2025-11-03 22:07:56,brave.exe,StudentHub - Your Student Platform - Brave,study
2025-11-03 22:08:01,ApplicationFrameHost.exe,Settings,entertainment
2025-11-03 22:08:06,Windsurf.exe,Polished - Windsurf - main.py,study
2025-11-03 22:08:11,Windsurf.exe,Polished - Windsurf - main.py,study
2025-11-03 22:08:16,Windsurf.exe,Polished - Windsurf - main.py,study
2025-11-03 22:08:21,Windsurf.exe,Polished - Windsurf - main.py,study
2025-11-03 22:08:26,Windsurf.exe,Polished - Windsurf - main.py,study
2025-11-03 22:08:31,Windsurf.exe,Polished - Windsurf - main.py,study
2025-11-03 22:08:36,brave.exe,New Tab - Brave,entertainment
2025-11-03 22:08:42,brave.exe,404 Not Found - Brave,study
2025-11-03 22:08:47,brave.exe,404 Not Found - Brave,study
2025-11-03 22:08:52,brave.exe,404 Not Found - Brave,study
2025-11-03 22:08:57,Windsurf.exe,Polished - Windsurf - main.py,study
2025-11-03 22:09:02,Windsurf.exe,Polished - Windsurf - main.py,study
2025-11-03 22:09:07,Windsurf.exe,Polished - Windsurf - main.py,study
2025-11-03 22:09:12,Windsurf.exe,Polished - Windsurf - main.py,study
2025-11-03 22:09:17,Windsurf.exe,Polished - Windsurf - main.py,study
2025-11-03 22:09:22,Windsurf.exe,Polished - Windsurf - main.py,study
2025-11-03 22:09:27,Windsurf.exe,Polished - Windsurf - main.py,study
2025-11-03 22:09:32,Windsurf.exe,Polished - Windsurf - main.py,study
2025-11-03 22:09:37,Windsurf.exe,Polished - Windsurf - main.py,study
2025-11-03 22:09:42,Windsurf.exe,Polished - Windsurf - main.py,study
2025-11-03 22:09:47,Windsurf.exe,Polished - Windsurf - main.py,study
2025-11-03 22:09:52,Windsurf.exe,Polished - Windsurf - main.py,study
2025-11-03 22:09:57,Windsurf.exe,Polished - Windsurf - main.py,study
2025-11-03 22:10:02,Windsurf.exe,Polished - Windsurf - main.py,study
2025-11-03 22:10:07,Windsurf.exe,Polished - Windsurf - main.py,study
2025-11-03 22:10:12,Windsurf.exe,Polished - Windsurf - main.py,study
2025-11-03 22:10:17,Windsurf.exe,Polished - Windsurf - main.py,study
2025-11-03 22:10:22,Windsurf.exe,Polished - Windsurf - main.py,study
2025-11-03 22:10:27,Windsurf.exe,Polished - Windsurf - main.py,study
2025-11-03 22:10:32,Windsurf.exe,Polished - Windsurf - main.py,study
2025-11-03 22:10:37,Windsurf.exe,Polished - Windsurf - main.py,study
2025-11-03 22:10:42,Windsurf.exe,Polished - Windsurf - main.py,study
2025-11-03 22:10:47,Windsurf.exe,Polished - Windsurf - main.py,study
2025-11-03 22:10:52,Windsurf.exe,Polished - Windsurf - main.py,study
2025-11-03 22:10:58,Windsurf.exe,Polished - Windsurf - main.py,study
2025-11-03 22:11:03,Windsurf.exe,Polished - Windsurf - main.py,study
2025-11-03 22:11:08,Windsurf.exe,Polished - Windsurf - main.py,study
2025-11-03 22:11:13,Windsurf.exe,Polished - Windsurf - main.py,study
2025-11-03 22:11:18,Windsurf.exe,Polished - Windsurf - main.py,study
2025-11-03 22:11:23,Windsurf.exe,Polished - Windsurf - main.py,study
2025-11-03 22:11:28,Windsurf.exe,Polished - Windsurf - main.py,study
2025-11-03 22:11:33,Windsurf.exe,Polished - Windsurf - main.py,study
2025-11-03 22:11:38,Windsurf.exe,Polished - Windsurf - main.py,study
2025-11-03 22:11:43,Windsurf.exe,Polished - Windsurf - main.py,study
2025-11-03 22:11:48,Windsurf.exe,Polished - Windsurf - main.py,study
2025-11-03 22:11:53,Windsurf.exe,Polished - Windsurf - main.py,study
2025-11-03 22:11:58,Windsurf.exe,Polished - Windsurf - main.py,study
2025-11-03 22:12:03,Windsurf.exe,Polished - Windsurf - main.py,study
2025-11-03 22:12:09,Windsurf.exe,Polished - Windsurf - main.py,study
2025-11-03 22:12:14,Windsurf.exe,Polished - Windsurf - main.py,study
2025-11-03 22:12:19,Windsurf.exe,Polished - Windsurf - main.py,study
2025-11-03 22:12:24,Windsurf.exe,Polished - Windsurf - main.py,study
2025-11-03 22:12:29,Windsurf.exe,Polished - Windsurf - main.py,study
2025-11-03 22:12:34,Windsurf.exe,Polished - Windsurf - main.py,study
2025-11-03 22:12:39,Windsurf.exe,Polished - Windsurf - main.py,study
2025-11-03 22:12:44,Windsurf.exe,Polished - Windsurf - main.py,study
2025-11-03 22:12:49,Windsurf.exe,Polished - Windsurf - main.py,study
2025-11-03 22:12:54,Windsurf.exe,Polished - Windsurf - main.py,study
2025-11-03 22:12:59,Windsurf.exe,Polished - Windsurf - main.py,study
2025-11-03 22:13:04,Windsurf.exe,Polished - Windsurf - main.py,study
2025-11-03 22:13:09,Windsurf.exe,Polished - Windsurf - main.py,study
2025-11-03 22:13:14,Windsurf.exe,Polished - Windsurf - main.py,study
2025-11-03 22:13:19,Windsurf.exe,Polished - Windsurf - main.py,study
2025-11-03 22:13:24,Windsurf.exe,Polished - Windsurf - main.py,study
2025-11-03 22:13:29,Windsurf.exe,Polished - Windsurf - main.py,study
2025-11-03 22:13:34,Windsurf.exe,Polished - Windsurf - main.py,study
2025-11-03 22:13:39,Windsurf.exe,Polished - Windsurf - main.py,study
2025-11-03 22:13:44,Windsurf.exe,Polished - Windsurf - main.py,study
2025-11-03 22:13:49,Windsurf.exe,Polished - Windsurf - main.py,study
2025-11-03 22:13:54,Windsurf.exe,Polished - Windsurf - main.py,study
2025-11-03 22:13:59,Windsurf.exe,Polished - Windsurf - main.py,study
2025-11-03 22:14:04,Windsurf.exe,Polished - Windsurf - main.py,study
2025-11-03 22:14:10,Windsurf.exe,Polished - Windsurf - main.py,study
2025-11-03 22:14:15,Windsurf.exe,Polished - Windsurf - main.py,study
2025-11-03 22:14:20,Windsurf.exe,Polished - Windsurf - main.py,study
2025-11-03 22:14:25,Windsurf.exe,Polished - Windsurf - main.py,study
2025-11-03 22:14:30,Windsurf.exe,Polished - Windsurf - main.py,study
2025-11-03 22:14:35,Windsurf.exe,Polished - Windsurf - main.py,study
2025-11-03 22:14:40,Windsurf.exe,Polished - Windsurf - main.py,study
2025-11-03 22:14:45,Windsurf.exe,Polished - Windsurf - main.py,study
2025-11-03 22:14:50,Windsurf.exe,Polished - Windsurf - main.py,study
2025-11-03 22:14:55,Windsurf.exe,Polished - Windsurf - main.py,study
2025-11-03 22:15:00,Windsurf.exe,Polished - Windsurf - main.py,study
2025-11-03 22:15:05,Windsurf.exe,Polished - Windsurf - main.py,study
2025-11-03 22:15:10,Windsurf.exe,Polished - Windsurf - main.py,study
2025-11-03 22:15:15,Windsurf.exe,Polished - Windsurf - main.py,study
2025-11-03 22:15:20,Windsurf.exe,Polished - Windsurf - main.py,study
2025-11-03 22:15:25,Windsurf.exe,Polished - Windsurf - main.py,study
2025-11-03 22:15:30,Windsurf.exe,Polished - Windsurf - main.py,study
2025-11-03 22:15:35,Windsurf.exe,Polished - Windsurf - main.py,study
2025-11-03 22:15:40,Windsurf.exe,Polished - Windsurf - main.py,study
2025-11-03 22:15:45,Windsurf.exe,Polished - Windsurf - main.py,study
2025-11-03 22:15:50,Windsurf.exe,Polished - Windsurf - main.py,study
2025-11-03 22:15:55,Windsurf.exe,Polished - Windsurf - main.py,study
2025-11-03 22:16:01,Windsurf.exe,Polished - Windsurf - main.py,study
2025-11-03 22:16:06,ApplicationFrameHost.exe,Settings,entertainment
2025-11-03 22:16:11,brave.exe,StudentHub - Your Student Platform - Brave,study
2025-11-03 22:16:16,brave.exe,StudentHub - Your Student Platform - Brave,study
2025-11-03 22:16:21,ApplicationFrameHost.exe,Settings,entertainment
2025-11-03 22:16:26,Windsurf.exe,Polished - Windsurf - main.py,study
2025-11-03 22:16:31,brave.exe,StudentHub - Your Student Platform - Brave,study
2025-11-03 22:16:36,Windsurf.exe,Polished - Windsurf - main.py,study
2025-11-03 22:16:41,Windsurf.exe,Polished - Windsurf - main.py,study
2025-11-03 22:16:46,Windsurf.exe,Polished - Windsurf - main.py,study
2025-11-03 22:16:51,Windsurf.exe,Polished - Windsurf - main.py,study
2025-11-03 22:16:56,Windsurf.exe,Polished - Windsurf - main.py,study
2025-11-03 22:17:01,Windsurf.exe,Polished - Windsurf - main.py,study
2025-11-03 22:17:06,Windsurf.exe,Polished - Windsurf - main.py,study
2025-11-03 22:17:11,Windsurf.exe,Polished - Windsurf - main.py,study
2025-11-03 22:17:16,Windsurf.exe,Polished - Windsurf - main.py,study
2025-11-03 22:17:21,Windsurf.exe,Polished - Windsurf - main.py,study
2025-11-03 22:17:26,Windsurf.exe,Polished - Windsurf - main.py,study
2025-11-03 22:17:31,Windsurf.exe,Polished - Windsurf - main.py,study
2025-11-03 22:17:36,Windsurf.exe,Polished - Windsurf - main.py,study
2025-11-03 22:17:42,Windsurf.exe,Polished - Windsurf - main.py,study
2025-11-03 22:17:47,Windsurf.exe,Polished - Windsurf - main.py,study
2025-11-03 22:17:52,Windsurf.exe,Polished - Windsurf - main.py,study
2025-11-03 22:17:57,Windsurf.exe,Polished - Windsurf - main.py,study
2025-11-03 22:18:02,brave.exe,StudentHub - Your Student Platform - Brave,study
2025-11-03 22:18:07,brave.exe,StudentHub - Your Student Platform - Brave,study
2025-11-03 22:18:12,brave.exe,StudentHub - Your Student Platform - Brave,study
2025-11-03 22:18:17,Windsurf.exe,Polished - Windsurf - main.py,study
2025-11-03 22:18:22,Windsurf.exe,Polished - Windsurf - main.py,study
2025-11-03 22:18:27,Windsurf.exe,Polished - Windsurf - main.py,study
2025-11-03 22:18:32,Windsurf.exe,Polished - Windsurf - main.py,study
2025-11-03 22:18:37,Windsurf.exe,Polished - Windsurf - main.py,study
2025-11-03 22:18:42,Windsurf.exe,Polished - Windsurf - main.py,study
2025-11-03 22:18:47,Windsurf.exe,Polished - Windsurf - main.py,study
2025-11-03 22:18:52,Windsurf.exe,Polished - Windsurf - main.py,study
2025-11-03 22:18:57,brave.exe,StudentHub - Your Student Platform - Brave,study
2025-11-03 22:19:02,brave.exe,StudentHub - Your Student Platform - Brave,study
2025-11-03 22:19:07,brave.exe,StudentHub - Your Student Platform - Brave,study
2025-11-03 22:19:13,brave.exe,StudentHub - Your Student Platform - Brave,study
2025-11-03 22:19:18,Windsurf.exe,Polished - Windsurf - main.py,study
2025-11-03 22:19:23,Windsurf.exe,Polished - Windsurf - main.py,study
2025-11-03 22:19:28,Windsurf.exe,Polished - Windsurf - main.py,study
2025-11-03 22:19:33,Windsurf.exe,Polished - Windsurf - main.py,study
2025-11-03 22:19:38,Windsurf.exe,Polished - Windsurf - main.py,study
2025-11-03 22:19:43,Windsurf.exe,Polished - Windsurf - main.py,study
2025-11-03 22:19:48,Windsurf.exe,Polished - Windsurf - main.py,study
2025-11-03 22:19:53,Windsurf.exe,Polished - Windsurf - main.py,study
2025-11-03 22:19:58,Windsurf.exe,Polished - Windsurf - main.py,study
2025-11-03 22:20:03,Windsurf.exe,Polished - Windsurf - main.py,study
2025-11-03 22:20:08,Windsurf.exe,Polished - Windsurf - main.py,study
2025-11-03 22:20:13,Windsurf.exe,Polished - Windsurf - main.py,study
2025-11-03 22:20:18,Windsurf.exe,Polished - Windsurf - main.py,study
2025-11-03 22:20:23,Windsurf.exe,Polished - Windsurf - main.py,study
2025-11-03 22:20:28,Windsurf.exe,Polished - Windsurf - main.py,study
2025-11-03 22:20:33,Windsurf.exe,Polished - Windsurf - main.py,study
2025-11-03 22:20:38,Windsurf.exe,Polished - Windsurf - main.py,study
2025-11-03 22:20:43,Windsurf.exe,Polished - Windsurf - main.py,study
2025-11-03 22:20:48,Windsurf.exe,Polished - Windsurf - main.py,study
2025-11-03 22:20:53,Windsurf.exe,Polished - Windsurf - page.tsx,study
2025-11-03 22:20:58,Windsurf.exe,Polished - Windsurf - page.tsx,study
2025-11-03 22:21:04,Windsurf.exe,Polished - Windsurf - page.tsx,study
2025-11-03 22:21:09,Windsurf.exe,Polished - Windsurf - page.tsx,study
2025-11-03 22:21:14,Windsurf.exe,Polished - Windsurf - page.tsx,study
2025-11-03 22:21:19,Windsurf.exe,Polished - Windsurf - page.tsx,study
2025-11-03 22:21:24,Windsurf.exe,Polished - Windsurf - page.tsx,study
2025-11-03 22:21:29,Windsurf.exe,Polished - Windsurf - page.tsx,study
2025-11-03 22:21:34,Windsurf.exe,Polished - Windsurf - page.tsx,study
2025-11-03 22:21:39,Windsurf.exe,Polished - Windsurf - page.tsx,study
2025-11-03 22:21:44,Windsurf.exe,Polished - Windsurf - page.tsx,study
2025-11-03 22:21:49,Windsurf.exe,Polished - Windsurf - page.tsx,study
2025-11-03 22:21:54,Windsurf.exe,Polished - Windsurf - page.tsx,study
2025-11-03 22:21:59,Windsurf.exe,Polished - Windsurf - page.tsx,study
2025-11-03 22:22:04,Windsurf.exe,Polished - Windsurf - page.tsx,study
2025-11-03 22:22:09,Windsurf.exe,Polished - Windsurf - page.tsx,study
2025-11-03 22:22:14,Windsurf.exe,Polished - Windsurf - page.tsx,study
2025-11-03 22:22:19,Windsurf.exe,Polished - Windsurf - page.tsx,study
2025-11-03 22:22:24,brave.exe,StudentHub - Your Student Platform - Brave,study
2025-11-03 22:22:29,brave.exe,StudentHub - Your Student Platform - Brave,study
2025-11-03 22:22:34,brave.exe,StudentHub - Your Student Platform - Brave,study
2025-11-03 22:22:39,Windsurf.exe,Polished - Windsurf - page.tsx,study
2025-11-03 22:22:45,Windsurf.exe,Polished - Windsurf - page.tsx,study
2025-11-03 22:22:50,Windsurf.exe,Polished - Windsurf - page.tsx,study
2025-11-03 22:22:55,Windsurf.exe,Polished - Windsurf - page.tsx,study
2025-11-03 22:23:00,Windsurf.exe,Polished - Windsurf - page.tsx,study
2025-11-03 22:23:05,Windsurf.exe,Polished - Windsurf - page.tsx,study
2025-11-03 22:23:10,Windsurf.exe,Polished - Windsurf - page.tsx,study
2025-11-03 22:23:15,brave.exe,StudentHub - Your Student Platform - Brave,study
2025-11-03 22:23:20,brave.exe,StudentHub - Your Student Platform - Brave,study
2025-11-03 22:23:25,brave.exe,StudentHub - Your Student Platform - Brave,study
2025-11-03 22:23:30,brave.exe,StudentHub - Your Student Platform - Brave,study
2025-11-03 22:23:35,brave.exe,StudentHub - Your Student Platform - Brave,study
2025-11-03 22:23:41,brave.exe,StudentHub - Your Student Platform - Brave,study
2025-11-03 22:23:46,brave.exe,StudentHub - Your Student Platform - Brave,study
2025-11-03 22:23:51,brave.exe,StudentHub - Your Student Platform - Brave,study
2025-11-03 22:23:56,brave.exe,StudentHub - Your Student Platform - Brave,study
2025-11-03 22:24:01,brave.exe,StudentHub - Your Student Platform - Brave,study
2025-11-03 22:24:06,brave.exe,StudentHub - Your Student Platform - Brave,study
2025-11-03 22:24:11,brave.exe,StudentHub - Your Student Platform - Brave,study
2025-11-03 22:24:16,brave.exe,StudentHub - Your Student Platform - Brave,study
2025-11-03 22:24:22,brave.exe,StudentHub - Your Student Platform - Brave,study
2025-11-03 22:24:27,brave.exe,StudentHub - Your Student Platform - Brave,study
2025-11-03 22:24:32,brave.exe,StudentHub - Your Student Platform - Brave,study
2025-11-03 22:24:37,brave.exe,StudentHub - Your Student Platform - Brave,study
2025-11-03 22:24:42,brave.exe,StudentHub - Your Student Platform - Brave,study
2025-11-03 22:24:47,brave.exe,StudentHub - Your Student Platform - Brave,study
2025-11-03 22:24:52,brave.exe,StudentHub - Your Student Platform - Brave,study
2025-11-03 22:24:57,brave.exe,StudentHub - Your Student Platform - Brave,study
2025-11-03 22:25:02,Windsurf.exe,Polished - Windsurf - page.tsx,study
2025-11-03 22:25:07,Windsurf.exe,Polished - Windsurf - page.tsx,study
2025-11-03 23:21:20,Windsurf.exe,Polished - Windsurf - supabase_roles.sql,study
2025-11-03 23:21:25,Windsurf.exe,Polished - Windsurf - supabase_roles.sql,study
2025-11-03 23:21:30,Windsurf.exe,Polished - Windsurf - supabase_roles.sql,study
2025-11-03 23:21:35,brave.exe,Untitled - Brave,entertainment
2025-11-03 23:21:40,brave.exe,Untitled - Brave,entertainment
2025-11-03 23:21:45,brave.exe,StudentHub - Your Student Platform - Brave,study
2025-11-03 23:21:50,brave.exe,StudentHub - Your Student Platform - Brave,study
2025-11-03 23:21:55,brave.exe,StudentHub - Your Student Platform - Brave,study
2025-11-03 23:22:00,brave.exe,StudentHub - Your Student Platform - Brave,study
2025-11-03 23:22:05,brave.exe,StudentHub - Your Student Platform - Brave,study
2025-11-03 23:22:12,brave.exe,StudentHub - Your Student Platform - Brave,study
2025-11-03 23:22:17,brave.exe,StudentHub - Your Student Platform - Brave,study
2025-11-03 23:22:22,brave.exe,StudentHub - Your Student Platform - Brave,study
2025-11-03 23:22:27,brave.exe,StudentHub - Your Student Platform - Brave,study
2025-11-03 23:22:32,brave.exe,StudentHub - Your Student Platform - Brave,study
2025-11-03 23:22:37,brave.exe,StudentHub - Your Student Platform - Brave,study
2025-11-03 23:22:42,brave.exe,StudentHub - Your Student Platform - Brave,study
2025-11-03 23:22:47,brave.exe,StudentHub - Your Student Platform - Brave,study
2025-11-03 23:22:52,brave.exe,StudentHub - Your Student Platform - Brave,study
2025-11-03 23:22:57,brave.exe,StudentHub - Your Student Platform - Brave,study
2025-11-03 23:23:02,Windsurf.exe,Polished - Windsurf - supabase_roles.sql,study
2025-11-03 23:23:07,Windsurf.exe,Polished - Windsurf - supabase_roles.sql,study
2025-11-03 23:23:12,Windsurf.exe,Polished - Windsurf - supabase_roles.sql,study
2025-11-03 23:23:17,Windsurf.exe,Polished - Windsurf - supabase_roles.sql,study
2025-11-03 23:23:22,Windsurf.exe,Polished - Windsurf - supabase_roles.sql,study
2025-11-03 23:23:27,Windsurf.exe,Polished - Windsurf - supabase_roles.sql,study
2025-11-03 23:23:32,Windsurf.exe,Polished - Windsurf - supabase_roles.sql,study
2025-11-03 23:23:37,Windsurf.exe,Polished - Windsurf - supabase_roles.sql,study
2025-11-03 23:23:42,Windsurf.exe,Polished - Windsurf - supabase_roles.sql,study
2025-11-03 23:23:47,Windsurf.exe,Polished - Windsurf - supabase_roles.sql,study
2025-11-03 23:23:53,brave.exe,Authentication | Supabase - Brave,entertainment
2025-11-03 23:23:58,brave.exe,blrm9663880@gmail.com's Project | blrm9663880@gmail.com's Org | Supabase - Brave,study
2025-11-03 23:24:03,brave.exe,blrm9663880@gmail.com's Project | blrm9663880@gmail.com's Org | Supabase - Brave,study
2025-11-03 23:24:08,brave.exe,blrm9663880@gmail.com's Project | blrm9663880@gmail.com's Org | Supabase - Brave,study
2025-11-03 23:24:13,brave.exe,blrm9663880@gmail.com's Project | blrm9663880@gmail.com's Org | Supabase - Brave,study
2025-11-03 23:24:18,brave.exe,blrm9663880@gmail.com's Project | blrm9663880@gmail.com's Org | Supabase - Brave,study
2025-11-03 23:24:23,brave.exe,blrm9663880@gmail.com's Project | blrm9663880@gmail.com's Org | Supabase - Brave,study
2025-11-03 23:24:28,brave.exe,blrm9663880@gmail.com's Project | blrm9663880@gmail.com's Org | Supabase - Brave,study
2025-11-03 23:24:33,brave.exe,blrm9663880@gmail.com's Project | blrm9663880@gmail.com's Org | Supabase - Brave,study
2025-11-03 23:24:38,brave.exe,General | Supabase - Brave,study
2025-11-03 23:24:43,brave.exe,Settings | Supabase - Brave,entertainment
2025-11-03 23:24:48,brave.exe,Settings | Supabase - Brave,entertainment
2025-11-03 23:24:53,brave.exe,Settings | Supabase - Brave,entertainment
2025-11-03 23:24:59,brave.exe,Settings | Supabase - Brave,entertainment
2025-11-03 23:25:04,brave.exe,Settings | Supabase - Brave,entertainment
2025-11-03 23:25:09,brave.exe,Settings | Supabase - Brave,entertainment
2025-11-03 23:25:14,brave.exe,Settings | Supabase - Brave,entertainment
2025-11-03 23:25:19,brave.exe,API Settings | Supabase - Brave,entertainment
2025-11-03 23:25:24,brave.exe,API Settings | Supabase - Brave,entertainment
2025-11-03 23:25:29,brave.exe,API Settings | Supabase - Brave,entertainment
2025-11-03 23:25:34,brave.exe,blrm9663880@gmail.com's Project | blrm9663880@gmail.com's Org | Supabase - Brave,study
2025-11-03 23:25:39,brave.exe,blrm9663880@gmail.com's Project | blrm9663880@gmail.com's Org | Supabase - Brave,study
2025-11-03 23:25:44,Windsurf.exe,Polished - Windsurf - supabase_roles.sql,study
2025-11-03 23:25:49,Windsurf.exe,Polished - Windsurf - supabase_roles.sql,study
2025-11-03 23:25:54,brave.exe,blrm9663880@gmail.com's Project | blrm9663880@gmail.com's Org | Supabase - Brave,study
2025-11-03 23:25:59,brave.exe,blrm9663880@gmail.com's Project | blrm9663880@gmail.com's Org | Supabase - Brave,study
2025-11-03 23:26:04,brave.exe,blrm9663880@gmail.com's Project | blrm9663880@gmail.com's Org | Supabase - Brave,study
2025-11-03 23:26:09,brave.exe,blrm9663880@gmail.com's Project | blrm9663880@gmail.com's Org | Supabase - Brave,study
2025-11-03 23:26:14,Windsurf.exe,Polished - Windsurf - supabase_roles.sql,study
2025-11-03 23:26:19,brave.exe,blrm9663880@gmail.com's Project | blrm9663880@gmail.com's Org | Supabase - Brave,study
2025-11-03 23:26:24,brave.exe,blrm9663880@gmail.com's Project | blrm9663880@gmail.com's Org | Supabase - Brave,study
2025-11-03 23:26:29,brave.exe,blrm9663880@gmail.com's Project | blrm9663880@gmail.com's Org | Supabase - Brave,study
2025-11-03 23:26:35,Windsurf.exe,Polished - Windsurf - supabase_roles.sql,study
2025-11-03 23:26:40,Windsurf.exe,Polished - Windsurf - supabase_roles.sql,study
2025-11-03 23:26:45,Windsurf.exe,Polished - Windsurf - supabase_roles.sql,study
2025-11-03 23:26:50,brave.exe,blrm9663880@gmail.com's Project | blrm9663880@gmail.com's Org | Supabase - Brave,study
2025-11-03 23:26:55,brave.exe,StudentHub - Your Student Platform - Brave,study
2025-11-03 23:27:00,brave.exe,StudentHub - Your Student Platform - Brave,study
2025-11-03 23:27:05,brave.exe,StudentHub - Your Student Platform - Brave,study
2025-11-03 23:27:10,brave.exe,StudentHub - Your Student Platform - Brave,study
2025-11-03 23:27:15,brave.exe,StudentHub - Your Student Platform - Brave,study
2025-11-03 23:27:20,brave.exe,StudentHub - Your Student Platform - Brave,study
2025-11-03 23:27:25,brave.exe,StudentHub - Your Student Platform - Brave,study
2025-11-03 23:27:30,brave.exe,StudentHub - Your Student Platform - Brave,study
2025-11-03 23:27:35,brave.exe,blrm9663880@gmail.com's Project | blrm9663880@gmail.com's Org | Supabase - Brave,study
2025-11-03 23:27:40,brave.exe,Authentication | Supabase - Brave,entertainment
2025-11-03 23:27:45,brave.exe,Authentication | Supabase - Brave,entertainment
2025-11-03 23:27:50,brave.exe,Authentication | Supabase - Brave,entertainment
2025-11-03 23:28:00,brave.exe,StudentHub - Your Student Platform - Brave,study
2025-11-03 23:28:05,brave.exe,StudentHub - Your Student Platform - Brave,study
2025-11-03 23:28:11,brave.exe,StudentHub - Your Student Platform - Brave,study
2025-11-03 23:28:16,brave.exe,StudentHub - Your Student Platform - Brave,study
2025-11-03 23:28:21,brave.exe,StudentHub - Your Student Platform - Brave,study
2025-11-03 23:28:26,brave.exe,StudentHub - Your Student Platform - Brave,study
2025-11-03 23:28:31,brave.exe,StudentHub - Your Student Platform - Brave,study
2025-11-03 23:28:36,brave.exe,StudentHub - Your Student Platform - Brave,study
2025-11-03 23:28:41,brave.exe,Authentication | Supabase - Brave,entertainment
2025-11-03 23:28:46,brave.exe,Authentication | Supabase - Brave,entertainment
2025-11-03 23:28:51,brave.exe,Authentication | Supabase - Brave,entertainment
2025-11-03 23:28:56,brave.exe,StudentHub - Your Student Platform - Brave,study
2025-11-03 23:29:02,brave.exe,StudentHub - Your Student Platform - Brave,study
2025-11-03 23:29:07,brave.exe,StudentHub - Your Student Platform - Brave,study
2025-11-03 23:29:12,brave.exe,StudentHub - Your Student Platform - Brave,study
2025-11-03 23:29:17,brave.exe,New Tab - Brave,entertainment
2025-11-03 23:29:22,brave.exe,Gmail - Brave,entertainment
2025-11-03 23:29:27,brave.exe,Untitled - Brave,entertainment
2025-11-03 23:29:32,brave.exe,StudentHub - Your Student Platform - Brave,study
2025-11-03 23:29:37,brave.exe,StudentHub - Your Student Platform - Brave,study
2025-11-03 23:29:42,brave.exe,StudentHub - Your Student Platform - Brave,study
2025-11-03 23:29:47,brave.exe,StudentHub - Your Student Platform - Brave,study
2025-11-03 23:29:52,brave.exe,StudentHub - Your Student Platform - Brave,study
2025-11-03 23:29:57,brave.exe,StudentHub - Your Student Platform - Brave,study
2025-11-03 23:30:02,brave.exe,StudentHub - Your Student Platform - Brave,study
2025-11-03 23:30:07,brave.exe,StudentHub - Your Student Platform - Brave,study
2025-11-03 23:30:12,brave.exe,StudentHub - Your Student Platform - Brave,study
2025-11-03 23:30:17,brave.exe,StudentHub - Your Student Platform - Brave,study
2025-11-03 23:30:22,brave.exe,StudentHub - Your Student Platform - Brave,study
2025-11-03 23:30:27,brave.exe,StudentHub - Your Student Platform - Brave,study
2025-11-03 23:30:32,brave.exe,StudentHub - Your Student Platform - Brave,study
2025-11-03 23:30:37,brave.exe,StudentHub - Your Student Platform - Brave,study
2025-11-03 23:30:43,brave.exe,StudentHub - Your Student Platform - Brave,study
2025-11-03 23:30:48,brave.exe,StudentHub - Your Student Platform - Brave,study
2025-11-03 23:30:53,brave.exe,StudentHub - Your Student Platform - Brave,study
2025-11-03 23:30:58,brave.exe,localhost:3000 wants to open,entertainment
2025-11-03 23:31:03,brave.exe,StudentHub - Your Student Platform - Brave,study
2025-11-03 23:31:08,brave.exe,StudentHub - Your Student Platform - Brave,study
2025-11-03 23:31:13,brave.exe,StudentHub - Your Student Platform - Brave,study
2025-11-03 23:31:18,brave.exe,StudentHub - Your Student Platform - Brave,study
2025-11-03 23:31:23,brave.exe,StudentHub - Your Student Platform - Brave,study
2025-11-03 23:31:28,brave.exe,StudentHub - Your Student Platform - Brave,study
2025-11-03 23:31:33,brave.exe,StudentHub - Your Student Platform - Brave,study
2025-11-03 23:31:38,brave.exe,StudentHub - Your Student Platform - Brave,study
2025-11-03 23:31:43,brave.exe,localhost:3000 wants to open,entertainment
2025-11-03 23:31:48,brave.exe,StudentHub - Your Student Platform - Brave,study
2025-11-03 23:31:53,brave.exe,StudentHub - Your Student Platform - Brave,study
2025-11-03 23:31:58,brave.exe,StudentHub - Your Student Platform - Brave,study
2025-11-03 23:32:03,brave.exe,StudentHub - Your Student Platform - Brave,study
2025-11-03 23:32:08,brave.exe,StudentHub - Your Student Platform - Brave,study
2025-11-03 23:32:13,brave.exe,Microsoft PowerPoint - Week_6 - Brave,entertainment
2025-11-03 23:32:18,brave.exe,StudentHub - Your Student Platform - Brave,study
2025-11-03 23:32:24,brave.exe,StudentHub - Your Student Platform - Brave,study
2025-11-03 23:32:29,brave.exe,StudentHub - Your Student Platform - Brave,study
2025-11-03 23:32:34,brave.exe,StudentHub - Your Student Platform - Brave,study
2025-11-03 23:32:39,brave.exe,StudentHub - Your Student Platform - Brave,study
2025-11-03 23:32:44,brave.exe,StudentHub - Your Student Platform - Brave,study
2025-11-03 23:32:49,brave.exe,StudentHub - Your Student Platform - Brave,study
2025-11-03 23:32:54,brave.exe,StudentHub - Your Student Platform - Brave,study
2025-11-03 23:32:59,brave.exe,StudentHub - Your Student Platform - Brave,study
2025-11-03 23:33:04,brave.exe,StudentHub - Your Student Platform - Brave,study
2025-11-03 23:33:09,brave.exe,StudentHub - Your Student Platform - Brave,study
2025-11-03 23:33:14,brave.exe,StudentHub - Your Student Platform - Brave,study
2025-11-03 23:33:19,brave.exe,StudentHub - Your Student Platform - Brave,study
2025-11-03 23:33:24,Windsurf.exe,Polished - Windsurf - supabase_roles.sql,study
2025-11-03 23:33:29,Windsurf.exe,Polished - Windsurf - supabase_roles.sql,study
2025-11-03 23:33:34,Windsurf.exe,Polished - Windsurf - supabase_roles.sql,study
2025-11-03 23:33:39,Windsurf.exe,Polished - Windsurf - supabase_roles.sql,study
2025-11-03 23:33:44,Windsurf.exe,Polished - Windsurf - supabase_roles.sql,study
2025-11-03 23:33:49,Windsurf.exe,Polished - Windsurf - supabase_roles.sql,study
2025-11-03 23:33:54,Windsurf.exe,Polished - Windsurf - supabase_roles.sql,study
2025-11-03 23:33:59,Windsurf.exe,Polished - Windsurf - supabase_roles.sql,study
2025-11-03 23:34:05,Windsurf.exe,Polished - Windsurf - supabase_roles.sql,study
2025-11-03 23:34:10,Windsurf.exe,Polished - Windsurf - supabase_roles.sql,study
2025-11-03 23:34:15,Windsurf.exe,Polished - Windsurf - supabase_roles.sql,study
2025-11-03 23:34:20,Windsurf.exe,Polished - Windsurf - supabase_roles.sql,study
2025-11-03 23:34:25,Windsurf.exe,Polished - Windsurf - supabase_roles.sql,study
2025-11-03 23:34:30,Windsurf.exe,Polished - Windsurf - supabase_roles.sql,study
2025-11-03 23:34:35,Windsurf.exe,Polished - Windsurf - supabase_roles.sql,study
2025-11-03 23:34:40,Windsurf.exe,Polished - Windsurf - supabase_roles.sql,study
2025-11-03 23:34:45,Windsurf.exe,Polished - Windsurf - supabase_roles.sql,study
2025-11-03 23:34:50,Windsurf.exe,Polished - Windsurf - supabase_roles.sql,study
2025-11-03 23:34:55,Windsurf.exe,Polished - Windsurf - supabase_roles.sql,study
2025-11-03 23:35:00,Windsurf.exe,Polished - Windsurf - supabase_roles.sql,study
2025-11-03 23:35:05,Windsurf.exe,Polished - Windsurf - supabase_roles.sql,study
2025-11-03 23:35:10,Windsurf.exe,Polished - Windsurf - supabase_roles.sql,study
2025-11-03 23:35:15,brave.exe,Authentication | Supabase - Brave,entertainment
2025-11-03 23:35:20,brave.exe,blrm9663880@gmail.com's Project | blrm9663880@gmail.com's Org | Supabase - Brave,study
2025-11-03 23:35:25,brave.exe,blrm9663880@gmail.com's Project | blrm9663880@gmail.com's Org | Supabase - Brave,study
2025-11-03 23:35:30,brave.exe,blrm9663880@gmail.com's Project | blrm9663880@gmail.com's Org | Supabase - Brave,study
2025-11-03 23:35:35,Windsurf.exe,Polished - Windsurf - supabase_roles.sql,study
2025-11-03 23:35:40,Windsurf.exe,Polished - Windsurf - supabase_roles.sql,study
2025-11-03 23:35:46,Windsurf.exe,Polished - Windsurf - supabase_roles.sql,study
2025-11-03 23:35:51,Windsurf.exe,Polished - Windsurf - supabase_roles.sql,study
2025-11-03 23:35:56,Windsurf.exe,Polished - Windsurf - supabase_roles.sql,study
2025-11-03 23:36:01,Windsurf.exe,Polished - Windsurf - supabase_roles.sql,study
2025-11-03 23:36:06,brave.exe,blrm9663880@gmail.com's Project | blrm9663880@gmail.com's Org | Supabase - Brave,study
2025-11-03 23:36:11,brave.exe,blrm9663880@gmail.com's Project | blrm9663880@gmail.com's Org | Supabase - Brave,study
2025-11-03 23:36:16,brave.exe,blrm9663880@gmail.com's Project | blrm9663880@gmail.com's Org | Supabase - Brave,study
2025-11-03 23:36:21,brave.exe,blrm9663880@gmail.com's Project | blrm9663880@gmail.com's Org | Supabase - Brave,study
2025-11-03 23:36:26,brave.exe,blrm9663880@gmail.com's Project | blrm9663880@gmail.com's Org | Supabase - Brave,study
2025-11-03 23:36:31,brave.exe,blrm9663880@gmail.com's Project | blrm9663880@gmail.com's Org | Supabase - Brave,study
2025-11-03 23:36:36,brave.exe,blrm9663880@gmail.com's Project | blrm9663880@gmail.com's Org | Supabase - Brave,study
2025-11-03 23:36:41,brave.exe,blrm9663880@gmail.com's Project | blrm9663880@gmail.com's Org | Supabase - Brave,study
2025-11-03 23:36:46,brave.exe,blrm9663880@gmail.com's Project | blrm9663880@gmail.com's Org | Supabase - Brave,study
2025-11-03 23:36:51,brave.exe,blrm9663880@gmail.com's Project | blrm9663880@gmail.com's Org | Supabase - Brave,study
2025-11-03 23:36:56,brave.exe,blrm9663880@gmail.com's Project | blrm9663880@gmail.com's Org | Supabase - Brave,study
2025-11-03 23:37:01,brave.exe,blrm9663880@gmail.com's Project | blrm9663880@gmail.com's Org | Supabase - Brave,study
2025-11-03 23:37:06,Windsurf.exe,Polished - Windsurf - supabase_roles.sql,study
2025-11-03 23:37:11,Windsurf.exe,Polished - Windsurf - supabase_roles.sql,study
2025-11-03 23:37:16,Windsurf.exe,Polished - Windsurf - supabase_roles.sql,study
2025-11-03 23:37:21,Windsurf.exe,Polished - Windsurf - supabase_roles.sql,study
2025-11-03 23:37:27,Windsurf.exe,Polished - Windsurf - supabase_roles.sql,study
2025-11-03 23:37:32,Windsurf.exe,Polished - Windsurf - supabase_roles.sql,study
2025-11-03 23:37:37,Windsurf.exe,Polished - Windsurf - supabase_roles.sql,study
2025-11-03 23:37:47,brave.exe,blrm9663880@gmail.com's Project | blrm9663880@gmail.com's Org | Supabase - Brave,study
2025-11-03 23:37:52,brave.exe,blrm9663880@gmail.com's Project | blrm9663880@gmail.com's Org | Supabase - Brave,study
2025-11-03 23:37:57,brave.exe,blrm9663880@gmail.com's Project | blrm9663880@gmail.com's Org | Supabase - Brave,study
2025-11-03 23:38:02,brave.exe,blrm9663880@gmail.com's Project | blrm9663880@gmail.com's Org | Supabase - Brave,study
2025-11-03 23:38:07,brave.exe,blrm9663880@gmail.com's Project | blrm9663880@gmail.com's Org | Supabase - Brave,study
2025-11-03 23:38:12,brave.exe,blrm9663880@gmail.com's Project | blrm9663880@gmail.com's Org | Supabase - Brave,study
2025-11-03 23:38:17,EXCEL.EXE,Excel,study
2025-11-03 23:38:22,EXCEL.EXE,Supabase Snippet Assign default 'student' role to profiles - Excel,study
2025-11-03 23:38:28,EXCEL.EXE,Supabase Snippet Assign default 'student' role to profiles - Excel,study
2025-11-03 23:38:33,EXCEL.EXE,Supabase Snippet Assign default 'student' role to profiles - Excel,study
2025-11-03 23:38:38,brave.exe,blrm9663880@gmail.com's Project | blrm9663880@gmail.com's Org | Supabase - Brave,study
2025-11-03 23:38:43,brave.exe,blrm9663880@gmail.com's Project | blrm9663880@gmail.com's Org | Supabase - Brave,study
2025-11-03 23:38:48,brave.exe,blrm9663880@gmail.com's Project | blrm9663880@gmail.com's Org | Supabase - Brave,study
2025-11-03 23:38:53,brave.exe,blrm9663880@gmail.com's Project | blrm9663880@gmail.com's Org | Supabase - Brave,study
2025-11-03 23:38:58,brave.exe,blrm9663880@gmail.com's Project | blrm9663880@gmail.com's Org | Supabase - Brave,study
2025-11-03 23:39:03,brave.exe,blrm9663880@gmail.com's Project | blrm9663880@gmail.com's Org | Supabase - Brave,study
2025-11-03 23:39:08,Windsurf.exe,Polished - Windsurf - supabase_roles.sql,study
2025-11-03 23:39:13,Windsurf.exe,Polished - Windsurf - supabase_roles.sql,study
2025-11-03 23:39:18,Windsurf.exe,Polished - Windsurf - supabase_roles.sql,study
2025-11-03 23:39:23,Windsurf.exe,Polished - Windsurf - supabase_roles.sql,study
2025-11-03 23:39:28,Windsurf.exe,Polished - Windsurf - supabase_roles.sql,study
2025-11-03 23:39:33,Windsurf.exe,Polished - Windsurf - supabase_roles.sql,study
2025-11-03 23:39:38,Windsurf.exe,Polished - Windsurf - supabase_roles.sql,study
2025-11-03 23:39:43,Windsurf.exe,Polished - Windsurf - supabase_roles.sql,study
2025-11-03 23:39:48,Windsurf.exe,Polished - Windsurf - supabase_roles.sql,study
2025-11-03 23:39:53,Windsurf.exe,Polished - Windsurf - supabase_roles.sql,study
2025-11-03 23:39:58,Windsurf.exe,Polished - Windsurf - supabase_roles.sql,study
2025-11-03 23:40:03,Windsurf.exe,Polished - Windsurf - supabase_roles.sql,study
2025-11-03 23:40:09,Windsurf.exe,Polished - Windsurf - supabase_roles.sql,study
2025-11-03 23:40:14,Windsurf.exe,Polished - Windsurf - supabase_roles.sql,study
2025-11-03 23:40:19,Windsurf.exe,Polished - Windsurf - supabase_roles.sql,study
2025-11-03 23:40:24,Windsurf.exe,Polished - Windsurf - supabase_roles.sql,study
2025-11-03 23:40:29,Windsurf.exe,Polished - Windsurf - supabase_roles.sql,study
2025-11-03 23:40:34,Windsurf.exe,Polished - Windsurf - supabase_roles.sql,study
2025-11-03 23:40:39,Windsurf.exe,Polished - Windsurf - supabase_roles.sql,study
2025-11-03 23:40:44,Windsurf.exe,Polished - Windsurf - supabase_roles.sql,study
2025-11-03 23:40:49,Windsurf.exe,Polished - Windsurf - supabase_roles.sql,study
2025-11-03 23:40:54,Windsurf.exe,Polished - Windsurf - supabase_roles.sql,study
2025-11-03 23:40:59,Windsurf.exe,Polished - Windsurf - supabase_roles.sql,study
2025-11-03 23:41:04,Windsurf.exe,Polished - Windsurf - supabase_roles.sql,study
2025-11-03 23:41:09,Windsurf.exe,Polished - Windsurf - supabase_roles.sql,study
2025-11-03 23:41:14,Windsurf.exe,Polished - Windsurf - supabase_roles.sql,study
2025-11-03 23:41:19,Windsurf.exe,Polished - Windsurf - supabase_roles.sql,study
2025-11-03 23:41:24,Windsurf.exe,Polished - Windsurf - supabase_roles.sql,study
2025-11-03 23:41:29,Windsurf.exe,Polished - Windsurf - supabase_roles.sql,study
2025-11-03 23:41:34,Windsurf.exe,Polished - Windsurf - supabase_roles.sql,study
2025-11-03 23:41:39,Windsurf.exe,Polished - Windsurf - supabase_roles.sql,study
2025-11-03 23:41:45,Windsurf.exe,Polished - Windsurf - supabase_roles.sql,study
2025-11-03 23:41:50,Windsurf.exe,Polished - Windsurf - supabase_roles.sql,study
2025-11-03 23:42:00,brave.exe,blrm9663880@gmail.com's Project | blrm9663880@gmail.com's Org | Supabase - Brave,study
2025-11-03 23:42:05,brave.exe,blrm9663880@gmail.com's Project | blrm9663880@gmail.com's Org | Supabase - Brave,study
2025-11-03 23:42:10,brave.exe,blrm9663880@gmail.com's Project | blrm9663880@gmail.com's Org | Supabase - Brave,study
2025-11-03 23:42:15,Windsurf.exe,Polished - Windsurf - supabase_roles.sql,study
2025-11-03 23:42:20,brave.exe,blrm9663880@gmail.com's Project | blrm9663880@gmail.com's Org | Supabase - Brave,study
2025-11-03 23:42:25,brave.exe,blrm9663880@gmail.com's Project | blrm9663880@gmail.com's Org | Supabase - Brave,study
2025-11-03 23:42:30,Windsurf.exe,Polished - Windsurf - supabase_roles.sql,study
2025-11-03 23:42:35,brave.exe,blrm9663880@gmail.com's Project | blrm9663880@gmail.com's Org | Supabase - Brave,study
2025-11-03 23:42:41,Windsurf.exe,Polished - Windsurf - supabase_roles.sql,study
2025-11-03 23:42:46,brave.exe,blrm9663880@gmail.com's Project | blrm9663880@gmail.com's Org | Supabase - Brave,study
2025-11-03 23:42:51,brave.exe,blrm9663880@gmail.com's Project | blrm9663880@gmail.com's Org | Supabase - Brave,study
2025-11-03 23:42:56,brave.exe,blrm9663880@gmail.com's Project | blrm9663880@gmail.com's Org | Supabase - Brave,study
2025-11-03 23:43:01,Windsurf.exe,Polished - Windsurf - supabase_roles.sql,study
2025-11-03 23:43:06,Windsurf.exe,Polished - Windsurf - supabase_roles.sql,study
2025-11-03 23:43:16,brave.exe,StudentHub - Your Student Platform - Brave,study
2025-11-03 23:43:21,brave.exe,StudentHub - Your Student Platform - Brave,study
2025-11-03 23:43:26,brave.exe,StudentHub - Your Student Platform - Brave,study
2025-11-03 23:43:31,brave.exe,StudentHub - Your Student Platform - Brave,study
2025-11-03 23:43:36,brave.exe,StudentHub - Your Student Platform - Brave,study
2025-11-03 23:43:41,brave.exe,StudentHub - Your Student Platform - Brave,study
2025-11-03 23:43:46,brave.exe,StudentHub - Your Student Platform - Brave,study
2025-11-03 23:43:52,brave.exe,StudentHub - Your Student Platform - Brave,study
2025-11-03 23:43:57,brave.exe,StudentHub - Your Student Platform - Brave,study
2025-11-03 23:44:02,brave.exe,StudentHub - Your Student Platform - Brave,study
2025-11-03 23:44:07,brave.exe,StudentHub - Your Student Platform - Brave,study
2025-11-03 23:44:12,brave.exe,StudentHub - Your Student Platform - Brave,study
2025-11-03 23:44:17,brave.exe,StudentHub - Your Student Platform - Brave,study
2025-11-03 23:44:22,brave.exe,StudentHub - Your Student Platform - Brave,study
2025-11-03 23:44:27,brave.exe,StudentHub - Your Student Platform - Brave,study
2025-11-03 23:44:32,brave.exe,StudentHub - Your Student Platform - Brave,study
2025-11-03 23:44:37,brave.exe,StudentHub - Your Student Platform - Brave,study
2025-11-03 23:44:42,brave.exe,StudentHub - Your Student Platform - Brave,study
2025-11-03 23:44:47,brave.exe,StudentHub - Your Student Platform - Brave,study
2025-11-03 23:44:52,brave.exe,StudentHub - Your Student Platform - Brave,study
2025-11-03 23:44:57,brave.exe,StudentHub - Your Student Platform - Brave,study
2025-11-03 23:45:02,brave.exe,StudentHub - Your Student Platform - Brave,study
2025-11-03 23:45:07,brave.exe,StudentHub - Your Student Platform - Brave,study
2025-11-03 23:45:12,brave.exe,Gmail - Brave,entertainment
2025-11-03 23:45:18,brave.exe,Untitled - Brave,entertainment
2025-11-03 23:45:23,brave.exe,Gmail - Brave,entertainment
2025-11-03 23:45:28,brave.exe,StudentHub - Your Student Platform - Brave,study
2025-11-03 23:45:33,brave.exe,StudentHub - Your Student Platform - Brave,study
2025-11-03 23:45:38,brave.exe,StudentHub - Your Student Platform - Brave,study
2025-11-03 23:45:43,brave.exe,StudentHub - Your Student Platform - Brave,study
2025-11-03 23:45:48,brave.exe,StudentHub - Your Student Platform - Brave,study
2025-11-03 23:45:53,brave.exe,StudentHub - Your Student Platform - Brave,study
2025-11-03 23:45:58,brave.exe,StudentHub - Your Student Platform - Brave,study
2025-11-03 23:46:03,brave.exe,StudentHub - Your Student Platform - Brave,study
2025-11-03 23:46:09,brave.exe,StudentHub - Your Student Platform - Brave,study
2025-11-03 23:46:14,Windsurf.exe,Polished - Windsurf - supabase_roles.sql,study
2025-11-03 23:46:19,Windsurf.exe,Polished - Windsurf - supabase_roles.sql,study
